text,sentiment
great video! very informative and helpful.,Positive
i learned a lot from this. thank you,Positive
awesome content,Positive
this video made my day. keep it up,Positive
i love your channel. subscribed,Positive
good,Positive
awesome,Positive
beautiful,Positive
excellent job,Positive
excellent,Positive
this is some awesome thinking,Positive
what terrific skills you‚Äôre showing,Positive
you are an amazing,Positive
nice idea,Positive
you are showing excellent understanding,Positive
"this is clear, concise and complete",Positive
what a powerful argument,Positive
i knew you could do it,Positive
wonderful ideas,Positive
it was pleasure,Positive
keep up the incredible work,Positive
"my goodness, how impressive",Positive
you are showing inventive ideas,Positive
you‚Äôve shown so much growth,Positive
interesting thoughts,Positive
i love your neat work,Positive
i love your work,Positive
doesn‚Äôt it feel good to do such great work,Positive
this is fascinating information,Positive
you inspire me,Positive
this is right on target,Positive
what an astounding observation!,Positive
this is very well thought out,Positive
you‚Äôve come a long way,Positive
i can tell you‚Äôve been paying attention,Positive
reading this made my day,Positive
this is very perceptive,Positive
what an accomplishment,Positive
you make a great point here,Positive
i really like your creativity,Positive
your vedioes are exceptional ,Positive
you have brilliant thoughts,Positive
you have calming voice,Positive
thank you!,Positive
very well done,Positive
"i love this training style. in contrast to the power point lectures done in formal education, it's very old school and i love it!",Positive
is this good for data engineers? i mean can a data engineer learn with this?,Positive
"""go buddy, enjoy!! "".. love it :d:d:d:d",Positive
"thank you, really awesome tutorial",Positive
someone please explain in 5.03.00 (i<m) and m=i i don't get it,Positive
"big thank you from the instructor and the whole team. a wonderful tutorial and free of cost. god bless you, my friend!",Positive
"thank you very much sir with all my heart!!! , i'm currently learning a data science online but unfortunately, it's difficult for me to catch up with the way of teaching of my instructor since i don't have any background in programming. but when i found your channel it,s boost me a lot to learn more and give some extra effort on it!  more power to you sir",Positive
many indian watch this video for learning. because it's our opportunity,Positive
you sound like oscar from the office us,Positive
great! thank you.,Positive
i will complete tomorrow goodnight everyone hope you all achieve your dreams,Positive
woah this is y first day in this course and i finished 2 hours already i feel so happy i was planing to study this 1 hour each day but it‚Äôs so interesting ‚ù§,Positive
is there something good in udemy course for the python. did they have more practical aspect. or is it sufficient.,Positive
i was purchasing a course on data science: transformers for natural language processing and i am looking for someone to split the cost with me,Positive
data science: transformers for natural langage processing,Positive
*machine learning: natural language processing in python (v2),Positive
iam very great ful to this channel this channel made my dream come true it's really a great harvard university for students like me‚ù§‚ù§‚ù§,Positive
"thank you your course was very helpful, i have now got a basic understanding of python. i found the videos engaging and thoroughly enjoyed it. point ot note - although the course video is 12 hours, if you are a novice like me it will take you over 20 hours to complete, going back and forth on the video to understand when you have misstyped some of the python code!",Positive
"thankss sir , it was amazing",Positive
"just incase any python beginner sees this, i'm looking for an accountability partner. i study better when i have someone else doing the same thing. so if you would love to be my accountability partner, please like this post and let me know how to reach out to you. thanks.",Positive
thanks a lot for this video!,Positive
i thank you wholeheartedly for making this video. this have been utterly and outmost useful. you are outstanding in explaining complex topic and being able to make us understand all the difficult bits.,Positive
thank you man,Positive
nice,Positive
user will enter a floating point number let say 238.915. your task,Positive
give me your contact number brother,Positive
what an amazing course!  thank you sir.,Positive
thanks,Positive
impressive,Positive
"very useful in getting started with python, after that their is another course of freecodecamp regarding pandas which you should see for going for data analysis using pandas",Positive
"bundle of thanks sir ,i have done the course now and i have learn lot of things about python..<br>now ,i am working on it more .... and again thanks sir",Positive
thank youu üéâüéâüéâ,Positive
soo is good,Positive
thank you. you are doing a great work for people like us !,Positive
"i am new to data science i just started so, can anyone help me what next to learn when i finish this course.",Positive
thanks sir,Positive
tnx,Positive
congratulations,Positive
tq,Positive
Fully understand,Positive
good see teacher ‚ù§,Positive
teacher teach java like c c basic advanced level,Positive
video upload 2years ago worth watch 2023 mean 150 video learn c,Positive
good see teacher ‚ù§,Positive
507 brain computer heart üòÅüòÅüòÅ,Positive
madam like specialize c welcome c001lectureure exactly look like pay course watch üëçüëç,Positive
like,Positive
this is beautiful,Positive
dazzling examples,Positive
vivid language choice,Positive
you express your ideas so well,Positive
this was a delight to read,Positive
this is a persuasive argument,Positive
you show an impressive grasp on this subject,Positive
you are gifted,Positive
you are so clever,Positive
what a great teacher you are,Positive
i value these thoughts,Positive
you are such a motivated worker,Positive
you show great attention to detail,Positive
you are so artistic,Positive
i am so proud of you,Positive
lovely handwriting,Positive
great example,Positive
you worked so hard,Positive
you are a star,Positive
you learned so much,Positive
you are so smart,Positive
you‚Äôve made a lot of progress,Positive
what bright thinking,Positive
you rocked this,Positive
great thinking,Positive
you did your best,Positive
I appreciate your well taught classes ,Positive
i love this,Positive
you can do hard things,Positive
you are talented,Positive
you amaze me,Positive
you discovered something new,Positive
i enjoyed watching this,Positive
you are so ambitious,Positive
i appreciate your hard work,Positive
this is magical work,Positive
you did it,Positive
you‚Äôve achieved so much,Positive
you really challenged yourself,Positive
i admire you,Positive
you are unstoppable,Positive
you have great ideas,Positive
this really sparkles,Positive
what a great vision you have,Positive
you have really improved,Positive
you‚Äôve really grown,Positive
you are a snappy problem-solver,Positive
this really shines,Positive
explained very well,Positive
you make me want to learn more,Positive
this made me smile,Positive
you are a winner,Positive
i love your creativity,Positive
you are so intelligent,Positive
you should be proud,Positive
you have amazing potential,Positive
this is top-notch,Positive
you deserve a high five,Positive
way to think it through,Positive
this blew me away,Positive
these are fabulous ideas,Positive
this gets my seal of approval,Positive
this is quality work,Positive
you helped me reach my goal,Positive
out of this world,Positive
you‚Äôre on top of it,Positive
i can tell this is your best effort,Positive
i love how motivated you are,Positive
you are so focused,Positive
i am so lucky to have learnt from you,Positive
i love your enthusiasm,Positive
i truly love your channel. keep doing the best work.,Positive
such creative videos you‚Äôve on this channel,Positive
i‚Äôve never witnessed such awesome editing as this one,Positive
"following your channel from the last two years, interesting content",Positive
"you‚Äôre working so hard, may all your wishes come true",Positive
"whoever is watching this, never give up. god is with you",Positive
"love this video, i think i‚Äôve watched it four times",Positive
very well-researched and fine-made video this is,Positive
"thank you so much for this educational video, i learned so much",Positive
"wow, youtube is getting better at recommending videos",Positive
"wow, this video quality is awesome",Positive
i just discovered this channel and am amazed at the content quality,Positive
i can see that your content quality is improving. keep it going,Positive
i‚Äôve just realized that i‚Äôve been watching your videos for about two years,Positive
"your videos are catchy, i never miss a single second of them",Positive
found your video at the perfect time when i needed the most,Positive
i really can‚Äôt thank you enough for such interactive content,Positive
"keep sharing your valuable tips, learning a lot from you",Positive
"enjoy your teaching style, all things to the point. great content",Positive
"i‚Äôm appreciating your work, and my all doubts are clear",Positive
you saved my hours of effort with just a few minutes video,Positive
"to be honest, i learn more from your videos than i do in my school",Positive
"the way you explain everything is so fine, there‚Äôs no need to watch another video",Positive
i wish classroom teaching is also this entertaining and easy to understand,Positive
"with every video, you‚Äôre getting perfect. i‚Äôm here for all your support",Positive
i can‚Äôt thank you enough for such a well-researched video. perfect video on the subject,Positive
hats off to you and your team for putting your best efforts into this video,Positive
the content quality is the main thing that makes us watch your videos again,Positive
it is the best video ever,Positive
it has greatest information,Positive
this video is awesome,Positive
this video is fantastic,Positive
this is a amazing video,Positive
it has excellent content,Positive
it is wonderful,Positive
this video is outstanding,Positive
this is a superb video,Positive
this video is brilliant,Positive
it is the most impressive video,Positive
this video is incredible,Positive
it is a phenomenal video,Positive
this video has fabulous information,Positive
this video is marvelous,Positive
this video has exceptional information,Positive
this video is remarkable,Positive
this video is splendid,Positive
this video is a perfect one to learn,Positive
it is a awe-inspiring,Positive
this is a epic one,Positive
this video is magnificent,Positive
this video has beautiful contentthis video is flawless,Positive
this video is done by a genius,Positive
great explanation,Positive
you are a champion,Positive
masterful,Positive
you are a masterpiece,Positive
this person is a legend,Positive
this is a divine,Positive
this video is glorious,Positive
this is an exemplary video,Positive
this is the phenomenal one,Positive
this video excellent content,Positive
this video is excellentthis is a remarkable video,Positive
this has wonderful content,Positive
this is a fabulous video,Positive
this is fab,Positive
it has fantastic content,Positive
this person is inspiring,Positive
this is a astounding video,Positive
this made me miraculous,Positive
fully understand,Positive
this is really a transcendent video,Positive
great,Positive
awesome,Positive
thanks,Positive
best,Positive
fantastic,Positive
amazing,Positive
excellent,Positive
wonderful,Positive
terrific,Positive
outstanding,Positive
superb,Positive
brilliant,Positive
impressive,Positive
incredible,Positive
phenomenal,Positive
fabulous,Positive
marvelous,Positive
spectacular,Positive
exceptional,Positive
remarkable,Positive
splendid,Positive
perfect,Positive
stellar,Positive
awe-inspiring,Positive
epic,Positive
magnificent,Positive
cool,Positive
stunning,Positive
beautiful,Positive
flawless,Positive
genius,Positive
champion,Positive
masterful,Positive
masterpiece,Positive
legendary,Positive
majestic,Positive
divine,Positive
supreme,Positive
glorious,Positive
grand,Positive
exemplary,Positive
phenomenal,Positive
excellent,Positive
remarkable,Positive
wonderful,Positive
fabulous,Positive
fantastic,Positive
inspiring,Positive
breathtaking,Positive
astounding,Positive
miraculous,Positive
transcendent,Positive
sublime,Positive
radiant,Positive
incredible work,Positive
you're a true talent,Positive
remarkable effort,Positive
absolutely phenomenal,Positive
your dedication shines through,Positive
you're a shining star,Positive
bravo,Positive
you're truly exceptional,Positive
outstanding job,Positive
you're a true inspiration,Positive
spectacular performance,Positive
you're on fire,Positive
inspirational,Positive
absolutely breathtaking,Positive
you're a marvel,Positive
much awaited ,Positive
impressive skills,Positive
you're a gem,Positive
exceptional work,Positive
you're a legend,Positive
absolutely outstanding,Positive
you're a marvel,Positive
unbelievable talent,Positive
you're on another level,Positive
absolutely fantastic,Positive
you're a creative genius,Positive
breathtaking performance,Positive
you're a true artist,Positive
absolutely splendid,Positive
nice explanation,Positive
you're a virtuoso,Positive
incredibly well done,Positive
you're a true professional,Positive
absolutely marvelous,Positive
you're a powerhouse,Positive
you're a true champion,Positive
absolutely superb,Positive
you're unstoppable,Positive
you're a virtuoso,Positive
absolutely outstanding,Positive
you're a legend,Positive
you're a creative mastermind,Positive
absolutely remarkable,Positive
you're a visionary,Positive
you're a trailblazer,Positive
absolutely brilliant,Positive
you're a maestro,Positive
absolutely stunning,Positive
you're a phenomenon,Positive
you're a true leader,Positive
absolutely splendid,Positive
you're a powerhouse,Positive
you're a shining example,Positive
absolutely magnificent,Positive
you're a true prodigy,Positive
you're a force to be reckoned with,Positive
absolutely breathtaking,Positive
you're a true virtuoso,Positive
you're an absolute gem,Positive
absolutely sensational,Positive
you're a true inspiration,Positive
you're a true visionary,Positive
absolutely phenomenal,Positive
you're a creative genius,Positive
you're a true luminary,Positive
absolutely magnificent,Positive
you're a marvel,Positive
you're a true talent,Positive
absolutely spectacular,Positive
you're a creative mastermind,Positive
you're a true legend,Positive
absolutely outstanding,Positive
you're a creative powerhouse,Positive
you're a true genius,Positive
absolutely phenomenal,Positive
you're an absolute inspiration,Positive
you're a true visionary,Positive
absolutely remarkable,Positive
you're a true leader,Positive
you're a creative force,Positive
absolutely brilliant,Positive
you're a true champion,Positive
you're an absolute marvel,Positive
absolutely outstanding,Positive
you're a true inspiration,Positive
you're a creative genius,Positive
absolutely phenomenal,Positive
you're a true luminary,Positive
absolutely magnificent,Positive
you're a creative prodigy,Positive
you're a true legend,Positive
absolutely breathtaking,Positive
you're an absolute gem,Positive
absolutely sensational,Positive
you're a true visionary,Positive
you're a creative powerhouse,Positive
absolutely outstanding,Positive
you're a true genius,Positive
absolutely phenomenal,Positive
you're a true inspiration,Positive
absolutely remarkable,Positive
you're a creative mastermind,Positive
üòä,Positive
üëç,Positive
üôå,Positive
üòÑ,Positive
‚ù§Ô∏è,Positive
ü§ç,Positive
üñ§,Positive
ü•∞,Positive
üòç,Positive
ü§©,Positive
üòò,Positive
ü§†,Positive
ü©µ,Positive
üíô,Positive
üíú,Positive
ü§üüèª,Positive
ü§òüèª,Positive
‚úåüèª,Positive
üôåüèª,Positive
ü´∂üèª,Positive
üëçüèª,Positive
nice explanation,Positive
nice teaching,Positive
beauty,Positive
Very helpful class mam,Positive
come to my rescue,Positive
why our lecturers can not be like this,Positive
ultimate explanation mam,Positive
thanks,Positive
cool,Positive
use ful oneüëç,Positive
much awaited ,Positive
"at 9hrs, 3 more to go initial part was boring af - but imp for foundationedit: completed full 12 hrs ‚úÖamazing course.review: you wont become master of python, you'll be introduced to all basic libraries and some functions.nowsome programming practice2. peobability 3. machine learning maths from nptel",Positive
goat,Positive
great video,Positive
glad watch üòç,Positive
deserves more likes,Positive
deserves million views,Positive
this video was terrible. Waste of time,Negative
i didn't find this helpful at all,Negative
what a disappointment,Negative
i expected better quality,Negative
I regret watching this,Negative
"this video is so boring, i fell asleep halfway through",Negative
waste of time! i didn't learn anything useful,Negative
"terrible presentation, couldn't understand a thing",Negative
"the instructor's voice is so monotonous, it's putting me to sleep",Negative
this video is a complete waste of bandwidth,Negative
"horrible video quality, can't even see what's on the screen",Negative
"this teacher is so unengaging, i can't focus on the content",Negative
"i regret clicking on this video, it's so bad",Negative
i can't believe i wasted my time watching this nonsense,Negative
this video is like watching paint dry,Negative
the information in this video is outdated and irrelevant,Negative
i'm dumber for having watched this,Negative
i've seen better educational content on kids' shows,Negative
the presenter clearly has no idea what they're talking about,Negative
"this video is so poorly organized, it's hard to follow",Negative
i wish i could unwatch this video,Negative
i'd rather read a dictionary than watch this again,Negative
"the audio quality is so bad, i can barely hear anything",Negative
i want my time back after watching this garbage,Negative
i'd give this video a negative rating if i could,Negative
"the content is so basic, it's insulting",Negative
i've seen better explanations from a toddler,Negative
"this video is a joke, and not a funny one",Negative
"the presenter speaks too fast, can't keep up",Negative
i'd rather listen to nails on a chalkboard than watch this again,Negative
the examples given in this video are completely nonsensical,Negative
this video is a prime example of educational malpractice,Negative
i can't believe i wasted my bandwidth on this trash,Negative
"the presenter's accent is so thick, i can't understand a word",Negative
this video is worse than a high schooler's powerpoint presentation,Negative
this is hands-down the worst educational video i've ever seen,Negative
this video gave me a headache,Negative
the presenter's voice is like nails on a chalkboard,Negative
watching this video was a complete and utter waste of time,Negative
i'm pretty sure i lost brain cells watching this,Negative
i've never been more disappointed in a video,Negative
this video is so bad,Negative
the presenter rambles on and on without saying anything useful,Negative
i'd rather sit through a root canal than watch this again,Negative
this video is a masterclass in how not to teach,Negative
"the content is so confusing, it's like they're speaking another language",Negative
i'd rather watch paint dry than subject myself to this torture again,Negative
the information presented in this video is completely wrong,Negative
i've had more engaging conversations with a brick wall,Negative
this video is a disgrace to education,Negative
i want a refund for the time i wasted watching this garbage,Negative
watching this video was the worst decision of my life,Negative
"the presenter is so dull, it's like watching grass grow",Negative
this video is like a bad joke that never ends,Negative
"the presenter's explanations are so convoluted, it's laughable",Negative
this video is a waste of internet bandwidth,Negative
i've never been so frustrated watching a video before,Negative
the information in this video is completely useless,Negative
this video is a dumpster fire of misinformation,Negative
i'd rather watch grass grow than sit through this torture again,Negative
the presenter's voice is like listening to a dying cat,Negative
watching this video was a complete and utter waste of time,Negative
this video should be used as an example of what not to do in education,Negative
i've seen better educational content on tiktok,Negative
the presenter's jokes are cringeworthy at best,Negative
i wouldn't recommend this video to my worst enemy,Negative
"the presenter's explanations are so unclear, it's like they're speaking in code",Negative
i'd rather watch a documentary on paint drying than sit through this again,Negative
this video is a prime example of wasted potential,Negative
i've seen better educational content on infomercials,Negative
"this video is so bad, it's almost comical",Negative
the presenter's lack of knowledge is astounding,Negative
i want my time back after watching this disaster,Negative
this video is the epitome of wasted potential,Negative
i've seen better educational content on the back of cereal boxes,Negative
watching this video was like watching paint dry,Negative
this video is like a bad joke that never lands,Negative
i'd rather watch a snail race than sit through this again,Negative
this video is an embarrassment to the field of education,Negative
the presenter's incompetence knows no bounds,Negative
i've seen more engaging educational content on public access television,Negative
watching this video was the biggest mistake of my life,Negative
this video is like a bad dream that never ends,Negative
i'd rather watch grass grow than subject myself to this torture again,Negative
the presenter's lack of enthusiasm is palpable,Negative
i've seen better educational content on cereal boxes,Negative
watching this video was like watching paint dry,Negative
this video is like a bad dream that never ends,Negative
i'd rather have a tooth pulled than sit through this again,Negative
the presenter's lack of charisma is astounding,Negative
i've seen more educational content on saturday morning cartoons,Negative
watching this video was like watching a train wreck in slow motion,Negative
the presenter's lack of enthusiasm is contagious‚Äîin a bad way,Negative
this video is like a bad dream that never ends,Negative
watching this video was the biggest mistake of my life,Negative
this video is an embarrassment to the field of education,Negative
i've seen better educational content on public access television,Negative
i've never been so frustrated watching a video before,Negative
the presenter's incompetence knows no bounds,Negative
this video is like a bad joke that never lands,Negative
this video is a dumpster fire of misinformation,Negative
i'd rather watch a snail race than sit through this again,Negative
the presenter's lack of knowledge is astounding,Negative
"this video is so bad, it's almost comical",Negative
i want my time back after watching this disaster,Negative
this video is the epitome of wasted potential,Negative
i've never been more disappointed in a video,Negative
i wouldn't recommend this video to my worst enemy,Negative
"the presenter's explanations are so unclear, it's like they're speaking in code",Negative
i've seen better explanations from a toddler,Negative
"this video is a joke, and not a funny onethis is boring video",Negative
boring,Negative
this video made me get more confused ,Negative
confusing,Negative
this is a useless video,Negative
useless,Negative
this has dull content,Negative
dull,Negative
this person teaches very slow,Negative
slow,Negative
this video is confusing and frustrating,Negative
frustrating,Negative
this has incomplete content,Negative
incomplete,Negative
content is outdated,Negative
outdated,Negative
it is uninspiring,Negative
uninspiring,Negative
has pointless content,Negative
pointless,Negative
jargon,Negative
it has repetitive content,Negative
repetitive,Negative
it has more irrelevant content,Negative
irrelevant,Negative
this person is lazy,Negative
lazy,Negative
they give biased info,Negative
biased,Negative
disorganized,Negative
has shallow information,Negative
shallow,Negative
this video is overrated,Negative
overrated,Negative
painful,Negative
simplistic,Negative
this video has poor content,Negative
poor,Negative
this has no or empty content,Negative
empty,Negative
this video flawed,Negative
flawed,Negative
this has just basic info,Negative
basic,Negative
this wasted my tym,Negative
wasted,Negative
this video is awkward,Negative
awkward,Negative
this is inappropriate,Negative
inappropriate,Negative
this is inaccurate video,Negative
inaccurate,Negative
this is a horrible video,Negative
horrible,Negative
this is a stale video,Negative
stale,Negative
this video lacks even the basic content,Negative
lacking,Negative
amateur,Negative
this is a tedious one,Negative
tedious,Negative
this made me unengaging,Negative
unengaging,Negative
this is really a dumb video,Negative
dumb,Negative
it has cluttered info,Negative
cluttered,Negative
it is very boring,Negative
very boring,Negative
too basic,Negative
poor quality,Negative
extremely dry,Negative
very dull,Negative
confusing content,Negative
incomplete information,Negative
outdated material,Negative
uninspiring presentation,Negative
pointless video,Negative
biased viewpoint,Negative
repetitive content,Negative
irrelevant examples,Negative
lazy explanation,Negative
biased perspective,Negative
disorganized mess,Negative
shallow depth,Negative
not good,Negative
not nice,Negative
overrated lecture,Negative
painfully slow,Negative
simplistic approach,Negative
awful delivery,Negative
poorly executed,Negative
empty content,Negative
wasted time,Negative
awkwardly presented,Negative
inaccurate information,Negative
horribly dull,Negative
disjointed explanation,Negative
stale presentation,Negative
lacking substance,Negative
tediously long,Negative
unengaging material,Negative
dumb concept,Negative
underwhelming content,Negative
confusingly explained,Negative
incoherent material,Negative
this video lacks substance,Negative
the presentation is uninspiring,Negative
the content is poorly researched,Negative
the information provided is shallow,Negative
this video is a waste of bandwidth,Negative
the delivery is amateurish,Negative
the explanation is overly simplistic,Negative
the examples are unrelatable,Negative
the material is cluttered and confusing,Negative
the video quality is subpar,Negative
the content feels outdated,Negative
the pacing is painfully slow,Negative
the presenter lacks charisma,Negative
the material is overly repetitive,Negative
the explanation lacks depth,Negative
the video is poorly structured,Negative
the content is irrelevant to the topic,Negative
the presenter's tone is monotonous,Negative
the examples provided are irrelevant,Negative
the video lacks coherence,Negative
the information is presented in a disjointed manner,Negative
the presentation lacks engagement,Negative
the material is too basic,Negative
the video feels like a waste of time,Negative
the explanations are unclear,Negative
the content is disorganized,Negative
the presenter's delivery is awkward,Negative
the material is outdated and irrelevant,Negative
the video lacks creativity,Negative
the content feels rushed,Negative
the presenter's explanations are confusing,Negative
the examples provided are uninspiring,Negative
the video lacks depth,Negative
the content is repetitive and dull,Negative
the explanations lack clarity,Negative
the video feels like a chore to watch,Negative
the presenter lacks enthusiasm,Negative
the material feels outdated,Negative
the content is presented in a boring manner,Negative
the presenter's voice is grating,Negative
the material is presented in a dry manner,Negative
the video feels like a waste of time,Negative
the content is difficult to understand,Negative
the examples provided are irrelevant,Negative
the presentation lacks energy,Negative
the material is too basic,Negative
the video feels outdated,Negative
the explanations are overly simplistic,Negative
the presenter's delivery is uninspiring,Negative
the material lacks depth,Negative
the content is repetitive,Negative
the video feels like a waste of time,Negative
the explanations are unclear,Negative
the content is disorganized,Negative
the presenter lacks engagement,Negative
the material is confusing,Negative
the video lacks coherence,Negative
the content is irrelevant,Negative
the examples provided are uninteresting,Negative
the video lacks creativity,Negative
the material is rushed,Negative
the explanations are confusing,Negative
the video lacks depth,Negative
the content is repetitive,Negative
the explanations lack clarity,Negative
the video feels tedious,Negative
the presenter lacks enthusiasm,Negative
the material feels outdated,Negative
the content is presented in a dull manner,Negative
the presenter's voice is annoying,Negative
the material is presented in a dry manner,Negative
the video feels like a chore,Negative
the content is difficult to grasp,Negative
the examples provided are irrelevant,Negative
the presentation lacks energy,Negative
the material is too basic,Negative
the video feels outdated,Negative
the explanations are too simplistic,Negative
the presenter's delivery is dull,Negative
the material lacks depth,Negative
the content is repetitive,Negative
the video feels like a waste of time,Negative
the explanations are unclear,Negative
the content is disorganized,Negative
the presenter lacks enthusiasm,Negative
the material is confusing,Negative
the video lacks coherence,Negative
the content is irrelevant,Negative
the examples provided are uninspiring,Negative
the video lacks originality,Negative
the material is rushed,Negative
the explanations are confusing,Negative
the video lacks depth,Negative
the content is repetitive,Negative
the explanations lack clarity,Negative
the video feels tedious,Negative
the presenter lacks passion,Negative
the material feels outdated,Negative
the content is presented in a boring manner,Negative
the presenter's voice is irritating,Negative
the material is presented in a dry manner,Negative
the video feels like a chore,Negative
the content is difficult to comprehend,Negative
the examples provided are irrelevant,Negative
the presentation lacks vitality,Negative
the material is too basic,Negative
üòî,Negative
üëé,Negative
üòû,Negative
üòï,Negative
üò†,Negative
üòí,Negative
ü§î,Negative
üòê,Negative
ü•¥,Negative
üòè,Negative
üòî,Negative
ü§ß,Negative
üò•,Negative
üò¢,Negative
üòì,Negative
üò∞,Negative
üò¶,Negative
"around the 10th hour, sound quality got worse",Negative
bad,Negative
"worst teacher ever, wastage of time",Negative
why writing in latex gives me an error?,Negative
really bad english,Negative
not as expected,Negative
very poor,Negative
I dont like this,Negative
dont watch this video,Negative
what is bothering you so much?,Negative
"i have seen tons of courses, this one must be the absolute most annoying one. cant stand this guy",Negative
"review of this video ( from my perspective ):by watching the video till 8hrs, i have not learned anything in the deep. the teacher is not good in explaining the topics clearly or to be more precise,teaching is not good its below average. for beginners, i donot recommend this course better watch for other channel videos. sorry to say but i have wasted 8hrs watching this video. so, skipping this course.",Negative
"i typed <b>nichespanel</b> in the search engine and i am shocked. are people seriously buying this? and does it really work? 0,1 usd? no way xd",Negative
i just tried their service for 10 usd and i am shocked. how ?! in a moment whaaaattt,Negative
how is this a data science course when 75% of the course is about learning the programming language. title misleading.,Negative
okay i will back againüòì,Negative
bit boring,Negative
poor water,Negative
"hi thank you so   much , but i have one doubt l[2]  should 0 not -4 as you said in the course(in the beegning of the tutorial )",Negative
hard to understand his english.,Negative
the english subtitle goes wrong at last minutes of module part,Negative
can anyone suggest me if this video is enough to learn python completely since i have no background in computer science and this is first course video.,Negative
dislikes are from people who bought whitehatjr. :-),Negative
"the kind bike holly serve because finger provisionally mourn forenenst a sick jam. well-made, tender tense wish",Negative
pandas deserves special attention üò©üò©üò©üò©,Negative
why the fake accent though,Negative
those 235 peoples with dislike are not humans.,Negative
too many adds..full of distractions.,Negative
i‚Äôll donate these guys big bucks after i got a job in it. never thank them enough!,Negative
i found 226 aliens here who r jealous of mankind's humanity and progress.,Negative
how can you keep stand after twelve hours of tutorial???? o_o,Negative
mum i swear this is the last video before bed.,Negative
did you guys watch the whole video at once?it killed me on my chair,Negative
"hi. can you please respond to me sooner? i download  anaconda and now i am confused to use the python interpreter. in the macbook ""terminal"" is already download and i even can use python interpreter but i do not want to take the risk if it damages the system. so shall i download python as org again. i use jupyter in anaconda as you mentioned.thank you for the video btw.",Negative
196 dislikes are surely by the ones who hate programming ;),Negative
this guy is obviously good at writing codes but he's terrible at teaching. in the entire video he never bothers to explain the logic behind what he's doing and why he's doing a particular thing. he just talks as he types and he's extremely confusing.,Negative
when you watch this video for a week just to finish but you dont become hero after all...,Negative
"hey guys , who ever has doubt about how to start your coding journey just see this video and you will be on the sky.",Negative
how many times are you going to repeat the same sentence? it is not a good way to teach. maybe that is why your video has gone over one hour.,Negative
could we find the introduced covid19.csv file to exercise with? in github there is no file provided :/,Negative
disorganized.  could have cut down the content to less than half if it was better organized instead of going back and forth writing code then changing your mind and deleting it.  once is while is okay but this was constant - too much waste of time.,Negative
podrian enviarme el libro del link de la descripci√≥n? es que no me llega al correo autom√°ticamente.,Negative
"if you are in deeper student loan debt, you need to see this course!",Negative
"i am getting an error while counting the no of unique countries. the error is - column (date, country, etc) are already selected.",Negative
video is good but the tutor is very irritating with voice and his accent,Negative
not all heroes wear a cape.,Negative
for the problem in control flowa = float(input()),Negative
porque en ingles t_t. porque no hay subtitulos,Negative
damn. who is the instructor?,Negative
Why do only Indians know this ?,Neutral
"this video was okay, but it could be improved",Neutral
i have mixed feelings about this,Neutral
the content was average,Neutral
"not bad, not great either",Neutral
i neither liked nor disliked it,Neutral
"sorry i have a questionwhen i installing the package "" plt"" . that is displayed "" error: could not find a version that satisfies the requirement plt (from versions: none)error: no matching distribution found for plt ""  i need help :/ pls",Neutral
start today 20feb2024lets see much time complete,Neutral
this video provides some good information,Neutral
the presenter has a clear speaking voice,Neutral
the content covered a variety of topics,Neutral
i found some parts of the video interesting,Neutral
the video quality is acceptable,Neutral
the presenter seems knowledgeable about the subject,Neutral
some viewers may find this video helpful,Neutral
the length of the video is appropriate,Neutral
there are both positive and negative aspects to this video,Neutral
i'm undecided about whether i liked this video or not,Neutral
this video presents information in a straightforward manner,Neutral
the visuals in the video are well-done,Neutral
the presenter maintains a steady pace throughout the video,Neutral
the video could be improved with more examples,Neutral
i appreciate the effort put into making this video,Neutral
no ads on this video! are you pay to google?,Neutral
the content is presented in an unbiased way,Neutral
the video offers a balanced perspective on the topic,Neutral
some viewers may find certain parts of the video more engaging than others,Neutral
"overall, the video was neither exceptional nor terrible",Neutral
the production quality of the video is decent,Neutral
the presenter seems to have put effort into explaining the concepts,Neutral
the information presented is neither groundbreaking nor outdated,Neutral
the video could benefit from additional clarification on certain points,Neutral
i feel indifferent about this video,Neutral
the video provides a basic overview of the topic,Neutral
i'm neither impressed nor disappointed by this video,Neutral
the pacing of the video is consistent,Neutral
if you even add ads in the videos we won't complain ,Neutral
the video covers a range of relevant topics,Neutral
the presenter maintains a neutral tone throughout the video,Neutral
i have no strong feelings about this video,Neutral
the video is average in terms of quality and content,Neutral
some viewers may find the information in this video helpful,Neutral
the presenter appears knowledgeable about the subject matter,Neutral
the video is neither exceptional nor terrible,Neutral
the information presented is relatively straightforward,Neutral
the video could benefit from additional depth on certain topics,Neutral
the visuals in the video are adequate,Neutral
the length of the video is appropriate for the content covered,Neutral
some aspects of the video are better than others,Neutral
i neither liked nor disliked this video,Neutral
the video provides a fair overview of the subject matter,Neutral
the presenter communicates the information clearly,Neutral
the video offers a balanced perspective on the topic,Neutral
"overall, the video is neither outstanding nor subpar",Neutral
the production quality of the video is satisfactory,Neutral
the information presented is neither groundbreaking nor outdated,Neutral
the video could be improved with more detailed explanations,Neutral
i feel neutral about this video,Neutral
the video covers the basics of the topic,Neutral
i have no strong opinions about this video,Neutral
the pacing of the video is consistent throughout,Neutral
the video addresses some interesting points,Neutral
the presenter delivers the content in a clear manner,Neutral
the video provides a general overview of the subject matter,Neutral
the quality of the video is adequate for its purpose,Neutral
some viewers may find certain sections of the video more engaging than others,Neutral
i'm neutral towards this video,Neutral
the video offers a brief introduction to the topic,Neutral
i neither loved nor hated this video,Neutral
the presenter presents the information in a neutral manner,Neutral
the video provides a balanced view of the subject matter,Neutral
"overall, the video is neither exceptional nor poor",Neutral
the production quality of the video is acceptable,Neutral
the information presented is neither revolutionary nor outdated,Neutral
the video could benefit from additional examples or case studies,Neutral
i have no particular feelings about this video,Neutral
the video covers the fundamentals of the topic,Neutral
my opinion of this video is neutral,Neutral
start today,Neutral
 mam post lecture java,Neutral
today start 05022024 must complete 30 day,Neutral
1st day 24th january 2024,Neutral
gon na start watch today 16jan 2024,Neutral
iam start today complete month,Neutral
the pacing of the video is consistent,Neutral
some parts of the video are more informative than others,Neutral
the presenter explains the concepts clearly,Neutral
the video offers a general overview of the subject matter,Neutral
the quality of the video is sufficient for its purpose,Neutral
certain viewers may find certain sections of the video more interesting than others,Neutral
i have a neutral stance on this video,Neutral
"this video is okay, but it lacks excitement",Neutral
i'm indifferent towards this video,Neutral
"the content is average, nothing special",Neutral
"neither good nor bad, just average",Neutral
this video didn't evoke strong feelings in me,Neutral
there are some useful points in this video,Neutral
the presenter's voice is clear and understandable,Neutral
the topics covered in the video are diverse,Neutral
some parts of the video caught my attention,Neutral
the video quality meets basic standards,Neutral
the presenter seems to have a decent grasp of the topic,Neutral
this video might be helpful to some viewers,Neutral
the duration of the video seems appropriate,Neutral
this video has its ups and downs,Neutral
i'm on the fence about this video,Neutral
the information is presented in a simple manner,Neutral
the visuals are decently executed,Neutral
the pace of the presentation is consistent,Neutral
more examples could enhance the quality of the video,Neutral
i acknowledge the effort put into creating this video,Neutral
the content appears to be unbiased,Neutral
the video provides a balanced perspective,Neutral
certain segments of the video are more engaging,Neutral
"overall, it's a mediocre video",Neutral
the production value is passable,Neutral
the presenter seems to have made an effort to explain things,Neutral
the information presented is neither groundbreaking nor outdated,Neutral
clarification is needed on some points,Neutral
this video leaves me feeling indifferent,Neutral
"it covers the basics, nothing more",Neutral
it's neither impressive nor disappointing,Neutral
the pace remains steady throughout,Neutral
a wide range of topics is addressed,Neutral
the presenter maintains a neutral tone,Neutral
i don't have strong feelings about this video,Neutral
it's average in both quality and content,Neutral
some viewers may find it helpful,Neutral
the presenter appears knowledgeable,Neutral
it's neither great nor terrible,Neutral
the information is presented in a straightforward manner,Neutral
it lacks depth on certain topics,Neutral
the visuals are decent enough,Neutral
the duration is suitable for the content,Neutral
some aspects are better executed than others,Neutral
i have no strong opinions about it,Neutral
it offers a fair overview,Neutral
the presenter communicates clearly,Neutral
the perspective is balanced,Neutral
"overall, it's neither outstanding nor subpar",Neutral
the production quality is satisfactory,Neutral
the information is neither groundbreaking nor outdated,Neutral
it could benefit from more detailed explanations,Neutral
i'm neutral towards it,Neutral
it covers the basics adequately,Neutral
i don't feel strongly about it either way,Neutral
the pace is consistent throughout,Neutral
some points are worth considering,Neutral
the presenter delivers the content clearly,Neutral
it provides a general overview,Neutral
the quality suffices for its purpose,Neutral
some viewers may find certain sections more interesting,Neutral
i don't have a strong opinion either way,Neutral
it gives a brief introduction,Neutral
it neither stands out nor disappoints,Neutral
the presenter remains neutral,Neutral
it offers a balanced view,Neutral
"overall, it's neither exceptional nor poor",Neutral
the production quality is acceptable,Neutral
the information is neither revolutionary nor outdated,Neutral
it could use more examples or case studies,Neutral
i don't have any strong feelings about it,Neutral
it covers the fundamentals adequately,Neutral
my opinion is neutral,Neutral
the pace remains consistent,Neutral
some parts are more informative,Neutral
the presenter's explanations are clear,Neutral
it provides a general overview,Neutral
the quality is sufficient for its purpose,Neutral
some viewers may find certain sections more interesting,Neutral
i don't feel strongly about it either way,Neutral
my stance on this video is neutral,Neutral
it's neither impressive nor disappointing,Neutral
the pace is consistent throughout,Neutral
some parts contain useful information,Neutral
the presenter explains concepts clearly,Neutral
it provides a broad overview,Neutral
the quality meets basic standards,Neutral
some sections may be more engaging to certain viewers,Neutral
i don't have strong feelings about it,Neutral
it offers a basic understanding,Neutral
my opinion remains neutral,Neutral
the pace is steady,Neutral
certain segments are more informative,Neutral
the presenter articulates well,Neutral
it offers a general insight,Neutral
the quality suffices for its purpose,Neutral
some viewers may find certain parts more interesting,Neutral
i maintain a neutral stance on this,Neutral
it provides a brief overview,Neutral
it neither impresses nor disappoints,Neutral
the presenter delivers neutrally,Neutral
it presents a balanced perspective,Neutral
"overall, it's neither exceptional nor poor",Neutral
the production quality is adequate,Neutral
the information is neither revolutionary nor outdated,Neutral
it could benefit from additional examples,Neutral
i'm indifferent towards it,Neutral
it covers the basics sufficiently,Neutral
my opinion of this remains neutral,Neutral
the pace remains consistent,Neutral
some parts offer more insight,Neutral
the presenter communicates clearly,Neutral
it offers a general overview,Neutral
the quality is adequate for its purpose,Neutral
some viewers may find certain sections more engaging,Neutral
i don't have strong feelings towards this,Neutral
i have a neutral view of this video,Neutral
it's neither exceptional nor terrible,Neutral
the pace is consistent throughout,Neutral
some parts contain valuable information,Neutral
the presenter's explanations are clear,Neutral
it provides an introduction,Neutral
the quality is sufficient for its purpose,Neutral
some viewers may find certain sections more interesting,Neutral
i remain neutral towards this,Neutral
it gives a basic understanding,Neutral
i'm indifferent towards it,Neutral
the pace remains steady,Neutral
certain sections offer more insight,Neutral
the presenter communicates clearly,Neutral
it offers a general overview,Neutral
the quality suffices for its purpose,Neutral
some viewers may find certain sections more engaging,Neutral
i have a neutral stance on this,Neutral
i don't have strong opinions either way,Neutral
it's neither exceptional nor terrible,Neutral
the pace remains consistent,Neutral
some sections contain useful information,Neutral
the presenter's explanations are clear,Neutral
it provides a general overview,Neutral
the quality is adequate for its purpose,Neutral
some viewers may find certain sections more interesting,Neutral
i don't have strong feelings about this,Neutral
i'm neutral towards it,Neutral
the pace is consistent throughout,Neutral
some parts are more informative,Neutral
the presenter articulates well,Neutral
it provides a broad overview,Neutral
the quality meets basic standards,Neutral
some viewers may find certain sections more engaging,Neutral
i maintain a neutral stance on this,Neutral
i don't feel particularly strongly about it,Neutral
it's neither impressive nor disappointing,Neutral
the pace remains steady,Neutral
certain segments offer more insight,Neutral
the presenter communicates clearly,Neutral
it offers a general insight,Neutral
the quality is sufficient for its purpose,Neutral
some viewers may find certain parts more interesting,Neutral
i don't have strong feelings towards this,Neutral
i have a neutral view of this video,Neutral
it's neither exceptional nor terrible,Neutral
the pace is consistent throughout,Neutral
some parts contain valuable information,Neutral
the presenter's explanations are clear,Neutral
it provides an introduction,Neutral
the quality is sufficient for its purpose,Neutral
some viewers may find certain sections more engaging,Neutral
i remain neutral towards this,Neutral
it gives a basic understanding,Neutral
i'm indifferent towards it,Neutral
the pace remains steady,Neutral
certain sections offer more insight,Neutral
the presenter communicates clearly,Neutral
it offers a general overview,Neutral
the quality suffices for its purpose,Neutral
some viewers may find certain sections more engaging,Neutral
i have a neutral stance on this,Neutral
i don't have strong opinions either way,Neutral
it's neither exceptional nor terrible,Neutral
the pace remains consistent,Neutral
some sections contain useful information,Neutral
the presenter's explanations are clear,Neutral
it provides a general overview,Neutral
the quality is adequate for its purpose,Neutral
some viewers may find certain sections more interesting,Neutral
i don't have strong feelings about this,Neutral
i'm neutral towards it,Neutral
the pace is consistent throughout,Neutral
some parts are more informative,Neutral
the presenter articulates well,Neutral
it provides a broad overview,Neutral
the quality meets basic standards,Neutral
some viewers may find certain sections more engaging,Neutral
i maintain a neutral stance on this,Neutral
i don't feel particularly strongly about it,Neutral
it's neither impressive nor disappointing,Neutral
the pace remains steady,Neutral
certain segments offer more insight,Neutral
the presenter communicates clearly,Neutral
it offers a general insight,Neutral
the quality is sufficient for its purpose,Neutral
some viewers may find certain parts more interesting,Neutral
i don't have strong feelings towards this,Neutral
i have a neutral view of this video,Neutral
it's neither exceptional nor terrible,Neutral
the pace is consistent throughout,Neutral
some parts contain valuable information,Neutral
the presenter's explanations are clear,Neutral
it provides an introduction,Neutral
the quality is sufficient for its purpose,Neutral
some viewers may find certain sections more engaging,Neutral
i remain neutral towards this,Neutral
it gives a basic understanding,Neutral
i'm indifferent towards it,Neutral
the pace remains steady,Neutral
certain sections offer more insight,Neutral
the presenter communicates clearly,Neutral
it offers a general overview,Neutral
the quality suffices for its purpose,Neutral
some viewers may find certain sections more engaging,Neutral
i have a neutral stance on this,Neutral
i don't have strong opinions either way,Neutral
it's neither exceptional nor terrible,Neutral
the pace remains consistent,Neutral
some sections contain useful information,Neutral
the presenter's explanations are clear,Neutral
it provides a general overview,Neutral
the quality is adequate for its purpose,Neutral
some viewers may find certain sections more interesting,Neutral
i don't have strong feelings about this,Neutral
i'm neutral towards it,Neutral
the pace is consistent throughout,Neutral
some parts are more informative,Neutral
the presenter articulates well,Neutral
it provides a broad overview,Neutral
the quality meets basic standards,Neutral
some viewers may find certain sections more engaging,Neutral
i maintain a neutral stance on this,Neutral
i don't feel particularly strongly about it,Neutral
it's neither impressive nor disappointing,Neutral
the pace remains steady,Neutral
certain segments offer more insight,Neutral
the presenter communicates clearly,Neutral
it offers a general insight,Neutral
the quality is sufficient for its purpose,Neutral
some viewers may find certain parts more interesting,Neutral
i don't have strong feelings towards this,Neutral
i have a neutral view of this video,Neutral
it's neither exceptional nor terrible,Neutral
the pace is consistent throughout,Neutral
some parts contain valuable information,Neutral
the presenter's explanations are clear,Neutral
it provides an introduction,Neutral
the quality is sufficient for its purpose,Neutral
starting today,Neutral
please do c programming,Neutral
Is it helpful for gate,Neutral
please provide information in hindi,Neutral
56872,Neutral
april 2024,Neutral
 20002,Neutral
you could have just used a for loop and then the if condition in the checkifnumeric function and return false as soon as any list item wasn&#39;t numeric,Neutral
is this updated enough to be learnt in 2024?,Neutral
hi.. if we assign _r=8 ...not reflecting under %whos syntx why?,Neutral
b·∫£n m·ªü ƒë·∫ßu,Neutral
completed üíØ,Neutral
can anyone let me know that this much is sufficient for python or not?,Neutral
this is 3 years old? is it not supposed to be outdated?,Neutral
"i am currently pursuing data science as a future career, and thinking about going full-stack (data analytics, engineering, and science), does this covers the fundamentals of all 3?",Neutral
can anyone explain the purpose of counter and how to utilize it,Neutral
finally! completed the whole coure,Neutral
would someone tell how to complete this course i mean what should be the right approach to it should i watch the video anddo it on jyupita noteboo?,Neutral
*python for data science and machine learning bootcamp,Neutral
what should be the next step after completing this course?,Neutral
how to get that csv file of covid_19_data?,Neutral
,Neutral
is to find out the integer portion before the point (in this case 238),Neutral
    print(odd),Neutral
"so for finding the index of the element in the numpy array we can use where function with numpy arr = np.arange(0,101,2) index = np.where(arr = 12)[0][0] print(index) output: 6",Neutral
data science is 5% and python 95% in this video. false title of the video.,Neutral
how do i get the datasets,Neutral
how do i get the datasets,Neutral
"this guy talks a lot, way more than required.",Neutral
does anyone have extensive notes for this video?,Neutral
34.35,Neutral
is there any need of oops concepts for data science,Neutral
sir..code is needed in pdf or word file. will it possible to download from anywhere,Neutral
when he teach numpy and pandas?,Neutral
why is azerbaijan twice in the end covid plots and also when we wrote for loop,Neutral
why did you not tackle the imputer function?,Neutral
plzzzzzz can you help me how to slove the problem plzzzzzz its not undersatanding to slove the problem plzzzzzz help me plzzzzzz ,Neutral
can i do this? def calculate_pay():,Neutral
    name = input(please enter employees name: ),Neutral
    hours = float(input(fplease enter hours for {name}: )),Neutral
    rate = float(input(fplease enter rate per hour for {name}: )),Neutral
for _ in range(4):  # for 4 employees,Neutral
# displaying the pays in a structured format,Neutral
do you have notes of this video?,Neutral
? & ?? <help function> dont work in jupyter notebook - what is the right syntax?,Neutral
from where can i download covid_19_data.csv?,Neutral
nichespanel: hold a pint,Neutral
"in the process of learning along, i run into a problem that states interactive namespace is empty; how do i rectify this please?",Neutral
"how i can get certification,  after completing this course ?",Neutral
"hello guys, is prior python knowledge and experience required to follow this course or is everything of python that is needed explained in this video?",Neutral
how much do we need to know about data structure before we dive in datascience?,Neutral
"hi, can we have the covid -19 data set for practice? you did not put a link to download it",Neutral
the instructor is not able to articulate even the very basic thing,Neutral
how does this compare to the <i>data analysis with python</i> video (which is also available on the site with a certificate)?,Neutral
what is exception handling?,Neutral
"hello guys, is prior python knowledge and experience required to follow this course or is everything of python that is needed explained in this video?",Neutral
hellow,Neutral
where can i find the covid_19_data.csv file?,Neutral
"guys,  can you provide the presentation for revision",Neutral
clicked on this vedio for numpy and pandas but the whole vedio teached python,Neutral
bruh,Neutral
how t change the directory of jupyter notebook,Neutral
this is gold. gonna learn this during my vacation ,Neutral
can i get pdf?,Neutral
where is this data set?,Neutral
12 ghantai chutiya katra hai bhai pgl hai kya,Neutral
i should really get on this,Neutral
this course should be called data science. its just python basics. theres nothing data sciency in it.,Neutral
def getaveragemarks(d): avgmarks = sum = 0 avg = 0 for marks in l: sum += float(marks) avg = sum / len(l) avgmarks[id] = avg,Neutral
i love how realistic his teachings are. you see him battle challenges himself and learn from his mistake. makes you feel safer knowing that making mistakes doesn't mean you are dumb.,Neutral
